count(author),author,subreddit3,,programming3,_lowell,programming3,_not_you,programming3,_nullptr_,programming4,_SynthesizerPatel_,PHP3,_telemachus,ruby3,_trevor_,learnprogramming3,33a,programming8,3po,ruby24,9jack9,javascript5,a_redditor,programming7,aaron_osteraas,PHP6,AaronLasseigne,ruby4,aaronp,ruby6,abc-xyz,ruby4,abw,perl4,abyx,ruby9,acangiano,ruby6,aclark,Python5,actualeyes,perl11,adam-_-,perl4,adamzwakk,PHP5,adamzx3,javascript4,adatta02,PHP3,Adys,Python5,aesulapiuuss,programming10,agentdero,java7,agumonkey,programming6,airportyh,javascript4,akira_fmx,webdev4,Alascar,learnprogramming10,albinofrenchy,programming3,alecbenzer,programming6,alecco,programming4,alecdo,programming17,alex-mayorga,java6,AlexeyBrin,programming7,alexeyr,programming11,alexkorban,cpp3,alexprengere,Python3,almjz,learnprogramming26,AlSweigart,programming4,AlyoshaV,java6,Ameridrone,java3,amoore,perl3,Andhurati,learnprogramming6,andralex,programming5,andreggy,java68,Andrey_Karpov_N,java4,angelbob,programming3,animesh1977,programming11,antjanus,PHP10,Arador,perl4,ArashPartow,cpp4,armerthor,java3,arnold_palmur,javascript4,Art_of_Creation,learnprogramming3,arunagarwal,ruby7,Arve,programming3,Associat0r,programming3,asuth,learnprogramming4,autarch,perl8,avdi,ruby5,average_drifter,cpp5,axilmar,cpp5,ayman_f,programming3,badmouf,javascript5,baileylo,PHP5,banister,ruby4,bascule,ruby78,based2,programming5,bcardarella,ruby4,bchia,learnprogramming5,bdemeer,javascript3,beaucronin,Python17,bebraw,javascript5,Benvie,javascript4,benzilla04,csharp5,berekuk,perl3,bergie,webdev53,berium,cpp8,berlinbrown,learnprogramming7,bigpresh,perl4,bigwax,learnprogramming3,billofalltrades,learnprogramming14,binarydreams,programming16,BioGeek,programming4,bishopZ,javascript4,bjzaba,programming3,BK_Whatever,learnprogramming8,bkanber,javascript6,blambeau,programming5,blebo,Python4,blowmage,ruby3,bnikolictech,cpp3,bonch,programming11,bondolo,java3,bonzinip,programming4,BonzoESC,ruby6,boogiesbc,javascript3,bopp,PHP3,boronine,programming9,bpedro,programming3,BrewerHimself,learnprogramming5,brianatlarge,PHP3,brmichel,programming4,brrose,csharp4,brucedawson,programming22,brunov,perl8,bstamour,cpp8,btford,javascript5,Buckwheat469,javascript4,budalicious,javascript5,budzoreu,javascript7,burke,Python6,bustyLaserCannon,learnprogramming6,bwigfield,perl3,cabbagerat,programming3,cacarotov,programming3,cactus4,perl18,callumacrae,javascript4,CanadianCoder,PHP3,cantprogram,learnprogramming5,canweriotnow,programming5,CapnGoat,webdev5,Capri-Sonne,learnprogramming7,CarlH,learnprogramming4,cassandravoiton,java4,casualbon,Python4,Categoria,programming3,cavemonkey,perl3,ccrraapp,webdev3,cesutherland,javascript12,cetamega,programming6,chankeypathak,perl3,CharlesStain,programming6,charliesome,programming5,cheeeeeese,PHP4,chewxy,Python3,ChiperSoft,javascript62,chorny,perl3,Chr0me,webdev32,chrisarchitect,javascript3,ChrisF79,PHP3,chrishutchinson,webdev5,chrisledet,programming4,chrixian,javascript3,chtef,programming4,chtulhuf,csharp4,ciembor,javascript14,claird,Python4,clarle,programming3,clarutte,programming11,cldwalker,ruby4,clownballs,learnprogramming34,cmeerw,java3,cmsimike,javascript6,codecall,java11,coderhs,ruby7,coffeesounds,programming5,coleifer,Python3,collegeboy6,learnprogramming7,Colonel-Rosa,PHP4,colonpee,ruby5,colwilson,Python4,ComputerHelper,webdev5,confused_by_php,PHP4,ConorMaximus,learnprogramming8,ContraContra,javascript32,cosmotriton,programming6,cpiot,programming3,cr4d,Python4,craig081785,programming5,craigc123,programming5,criskiev,ruby4,crseat,learnprogramming17,cruise02,programming3,ctaborda,ruby11,cwgem,ruby4,cwmma,javascript3,cyberdouche,java3,CyberVillian,javascript4,cycles,programming3,cyraxjoe,Python9,daedius,javascript5,dahlma,PHP4,damg,programming4,damian2000,programming3,damontoo,learnprogramming4,dan-pazam,ruby5,dangries,javascript4,danielnh,cpp6,danneu,ruby5,darkrai9292,learnprogramming3,darkray16,PHP8,daschl,programming6,davebrk,programming22,davemo,javascript7,davertua,PHP4,davidk01,programming4,davidreiss666,java4,davidshepherd,programming5,davorg,perl4,DBBX,webdev3,dce,ruby3,dean_c,PHP3,delivi,javascript3,delroth,programming3,demonshalo,PHP4,denis,Python3,derick_bailey,javascript3,Dested,javascript6,detroitmatt,java4,dev_bacon,ruby14,devongovett,javascript16,dgryski,programming7,dhotson,programming3,diaboloney,PHP3,didnt_hurt,javascript10,digdan,PHP4,Digitus_Impudicus,cpp4,dinosaur_porkchop,PHP5,dinov,programming6,Disgruntled__Goat,PHP3,dnavarro2,programming8,doeswayneexist,learnprogramming8,donv,ruby3,doterobcn,PHP3,dougrathbone,csharp7,dracony,PHP3,Drag0nsl4y3r14,learnprogramming8,draxil,perl9,drbrain,ruby3,DreadPirateJay,PHP8,drgomesp,programming3,drillpress151,programming12,driscollis,Python3,DrJulianBashir,programming5,Drkpwn,programming3,DRMacIver,programming5,drurly,programming3,DrZealot,Python6,duggieawesome,programming6,dunnowins,ruby4,durdn,programming3,dwolf555,PHP3,dzamir,programming12,earthboundkid,programming4,eegreg,javascript4,eiB4vaeg,webdev9,elasto,perl3,electronics-engineer,programming9,elijahmanor,javascript3,elmuchoprez,PHP3,ElvisLikeBear,csharp9,emboss_,ruby27,emegeve,programming11,eneveu,java3,Enginoob,Python3,enkarta,learnprogramming7,enkicoder,java4,enotionz,javascript4,enroxorz,ruby4,Epicus2011,PHP3,EquipLordBritish,learnprogramming11,eric_niebler,cpp4,estherschindler,Python3,evaninarkham,learnprogramming9,Eventh,Python4,exhuma,Python5,ExoticMandibles,Python16,expertvoice,Python3,ezkaton999,java7,f0ad,Python3,faassen,Python6,fabiankessler,java3,feartrich,learnprogramming10,fekberg,csharp4,felixchi81,learnprogramming6,ferrisoxide,ruby9,ffxpwns,PHP16,fijal,Python4,filipekberg,cpp4,flexterra,Python4,FlySwat,programming3,fnbtt,webdev4,Foamypop,cpp22,FooBarWidget,programming3,for_nsfw,learnprogramming3,foxbarrington,javascript3,freakingthefuckout12,Python5,free_books_share,javascript3,freedoodle,programming4,freyrs3,Python12,frozenfire,programming5,fruiapps,Python10,fthrkl,Python9,funny_falcon,ruby3,funtanero,programming4,gangesmaster,Python6,gasche,programming4,gazay,ruby9,gbacon,programming8,GeekDNA,learnprogramming3,geeker87,programming4,Gefrierbrand,javascript3,Gelus,javascript5,geon,programming49,ger_phpmagazin,programming3,gfixler,Python3,giant_enemy_spycrab,learnprogramming4,gimms,webdev3,giridhaar,java3,gitarr,programming6,gkunene,java3,gnusosa,perl5,gnuvince,programming4,GoldFire33,javascript5,gonzalo123,PHP4,GovindReddy,Python38,grauenwolf,programming4,great-pumpkin,cpp7,greenrd,programming4,gregolsen,programming3,gregstallings,javascript3,gregthegeek1,java6,greut,programming5,greyblake,ruby543,gst,programming3,gstoyanov,javascript14,gtani,java101,gthank,programming4,Guiswa,javascript5,gurgeous,ruby8,gutworth,Python4,gwvent,learnprogramming4,haakon,java7,hacker-programmer,programming11,halst,Python4,harbud3,perl6,harikt,PHP3,HarryTorry,java3,hashbangperl,perl6,hazems,javascript3,hchasestevens,programming5,hdeshev,Python5,hdskjahdkjsa,PHP4,hellomika,javascript6,helpprogram2,learnprogramming148,henk53,programming3,henrik_w,programming3,hernamesbarbara,programming3,herrtim,java3,hexapode,javascript8,hiii,PHP18,hm2k,webdev3,Hobby_Collector,learnprogramming36,homoiconic,programming4,honestbleeps,programming18,hongminhee,programming3,hoonose,programming14,HornedKavu,programming5,hsfrey,javascript6,huitseeker,programming3,hwf829,PHP8,hwilming,java4,hxcobd,javascript14,hyperforce,programming5,i_ate_god,Python3,iam_root,Python3,iamjack,Python7,iammerrick,javascript15,IbeeX,Python5,igorw,PHP4,ihid,ruby3,illbzo1,java5,inchworm,javascript7,init0,javascript3,insin,javascript6,int3_,javascript24,ircmaxell,PHP5,IrishLadd,PHP8,IsaGoksu,java3,isurfbecause,javascript4,itscoding,programming25,ivom2gi,java5,ixAp0c,learnprogramming4,J-_-L,ruby6,jabbalaci,Python24,jackhammer2022,programming4,JackS08,javascript5,jakesgordon,javascript5,jakiestfu,webdev5,jakubgarfield,programming42,jalbertbowden,javascript4,JavaCzyHerbata,java6,javatv,java177,javinpaul,programming7,jbandela,cpp3,jblotus,javascript7,jbroadway,PHP5,jbsurv,webdev3,jeanlucpikachu,programming6,jedberg,programming6,jeremyckahn,javascript8,jeremymorgan,PHP4,jestinjoy,programming8,jesusangelm,ruby6,jetienne,javascript15,jezeq,programming3,jga23,javascript3,jh1997sa,learnprogramming14,jimdoescode,javascript4,jknupp,Python4,JL235,javascript4,jlearner,java7,jmduke,Python7,jnoller,Python6,joaquintides,cpp4,JoeCool888,learnprogramming8,joelthelion,programming7,joeyhoer,javascript3,joezimjsblog,javascript4,johnnybigoode,java3,johnpolacek,programming6,JonKalb,cpp3,JonyEpsilon,programming6,josefonseca,Python8,joshuacc,javascript5,jpignata,ruby3,jprichardson,javascript8,jpswade,webdev3,jqueryin,PHP15,JRepin,programming5,jrobertfox,PHP10,jrochkind,ruby8,jrpercussion,javascript6,jscoder,javascript3,jshine1337,learnprogramming3,jsn,ruby3,jsnk,java7,jstorimer,ruby22,jtreminio,PHP15,judofyr,ruby4,JuiceJitero,webdev3,juri,programming3,juror-number-8,javascript28,just_lest,ruby12,JustGlowing,programming5,JustJewIt73,learnprogramming4,jvc_coder,PHP4,jvmhost,java5,JW989,learnprogramming3,jwp,Python3,kamui,ruby6,kapilkaisare,javascript7,kbedell,programming4,kcunning,Python4,kdmkdmkdm,learnprogramming27,KerrickLong,programming5,Kettyr,learnprogramming4,KevinHarris27,java3,kevjames3,programming4,keytarmageddon,programming23,kimmel_,programming15,kingkilr,programming4,kinow,java6,kmike84,Python3,knewter,ruby5,knwang,ruby4,koolkalang,learnprogramming6,kr90df,java7,kracekumar,Python18,kraih,perl4,krainboltgreene,ruby8,Kriem,PHP5,kristopolous,programming3,kristovaher,programming5,kthakore,perl3,ktr73,programming11,kulandai,java4,kuszi,ruby4,ky3,Python4,lacosaes0,programming4,laerien,ruby4,lanasa,javascript7,lanzkron,programming9,larholm,programming10,larsga,programming10,last_useful_man,cpp6,lastkarrde,Python5,LawnGnome,PHP7,ldiego08,programming3,ldieryckx,perl5,leftoverbagels,Python17,legacye,javascript4,lemonpole,PHP5,leonard_snart,learnprogramming3,leonardoty,learnprogramming5,LeszekSwirski,cpp3,Let_Me_Be,cpp4,lethalman,programming7,Liger86,learnprogramming3,Light_as_a_Feather,webdev3,lihaoyi,programming42,lingua_franca,cpp5,linucs,programming11,llimllib,programming3,loki_racer,webdev5,loktar00,javascript3,lolhii,PHP5,lonebeta,PHP4,lookingforsome1,PHP5,lornajane,PHP5,lrichardson,javascript4,lucidguppy,Python5,lukaseder,java3,LyndonArmitage,java3,maca134,PHP7,machine_not_a_human,programming4,madjar,programming4,MadRabbit,programming70,magenta_placenta,javascript3,mailto_devnull,javascript6,makaroni4,ruby5,maloney7,javascript3,maniator,PHP4,ManicQin,cpp3,marc-kd,programming8,marcfasel,java3,mardix,PHP71,mariuz,programming3,markolson,ruby4,markov_twain,javascript7,martinig,Python31,Masfo,cpp3,matael,Python6,matematikaadit,programming3,MatrixFrog,javascript8,matt_aimonetti,ruby3,mattbig,learnprogramming4,matthewhughes,learnprogramming6,mbrubeck,programming8,mburst,programming7,mcandre,java4,mcantelon,programming7,mcdonc,Python9,mdipierro,Python18,mebrahim,programming3,meenie,PHP29,meetingcpp,programming4,megaperlz,webdev4,meltingice,javascript4,MeoMix,javascript4,mepcotterell,programming3,Mercushio,java4,metl_lord,Python4,mexicanseafood,javascript6,mexitek,PHP12,mhronline,webdev4,midir,java14,mikaelhg,java3,mikedoherty,perl4,mikehaggard,programming3,MillardFillmore,programming40,milliams,programming3,mistawobin,programming3,Mit_Taste_E,programming5,mite-mitreski,java176,mithaldu,programming4,mitsuhiko,Python9,miyagawa,perl3,mjburgess,PHP3,MKorostoff,webdev4,mm23,javascript3,MMDeveloper,PHP5,mnapoli,javascript5,mobby1982,programming3,Mobilpadde,javascript4,mohawkjohn,ruby13,monk_e_boy,PHP4,monkeymeat,programming11,monumentshorts,programming4,morphotomy,PHP4,mosqua,PHP7,mpdavis,Python5,mpeters,programming181,mr_chromatic,perl5,mrhodesit,webdev7,mshiltonj,javascript3,mstrat,perl3,msvrtan,PHP107,mttd,cpp5,munificent,programming5,murphee_,ruby3,Mutant321,perl6,MY_POOP_HAS_HAIR,programming6,mycall,programming7,myusuf3,Python3,mzemel,learnprogramming7,naasking,programming7,nabokovian,learnprogramming7,nadavso,Python4,namanyayg,javascript3,nataly_v,java3,nathanielb,ruby3,nebogeo,programming3,Nekkoru,learnprogramming8,neomatrix369,java4,neon_overload,javascript4,NeOnD,java5,neondei,programming6,NERDcurious,learnprogramming5,nerdmeister,perl4,netghost,javascript4,neutraltone,webdev4,neutronbob,java6,nexe,ruby3,nicks451,javascript14,nikic,programming5,nlake44,programming8,noelrap,programming20,nohtyp,programming367,None,programming10,nonrecursive,programming3,norwegianwood,Python6,Not-original,webdev8,NotEltonJohn,programming10,nothingtolookat,programming3,NotJustClarkKent,programming5,novasharp,java5,nrogers64,PHP7,nullnullnull,programming4,number5,Python5,o0h,programming3,oBeLx,ruby5,obfuscate,learnprogramming7,obviousoctopus,ruby3,Odd_Bloke,Python4,odyssey14,javascript4,OffInBed,learnprogramming4,Okaram,java4,okpmem,programming5,olbrich,PHP4,omg-a-bear,programming5,omginternets,Python3,oneforreddit,ruby3,orlybg,javascript12,oseifrimpong,csharp3,OsoHormiguero,PHP7,OuterShpongolia,webdev3,OutThisLife,webdev17,OvidPerl,programming5,ozanonline,javascript4,ozzyboy,programming3,palmerj3,javascript7,paoj,java5,Paradox,ruby4,paradoxxx_zero,Python13,paran0ide,programming5,paul88m,java5,Pawka,PHP4,peck3277,learnprogramming3,pedrobelo,programming5,PedroMCunha,java19,Perceptes,javascript17,perler2,perl11,perlgeek,programming6,perone,Python38,petdance,programming4,petercooper,ruby6,pfultz2,programming3,phaedrusalt,Python14,phaggocytosis,learnprogramming4,phatbyte,javascript3,philipbjorge,programming5,philiph,perl6,philipobenito,PHP15,philsturgeon,PHP3,phpgeek,Python4,phpworm,PHP4,picandocodigo,ruby6,piglet24,PHP4,pinpinbo,Python6,pjdelport,Python9,pjmlp,java3,pkonink,PHP17,pkrumins,programming24,placidified,programming3,playdoepete,java3,PlNG,javascript9,poincare101,ruby16,polaretto,java3,Pornhub_dev,PHP3,Poromenos,Python3,porter707,learnprogramming6,posabsolute,javascript5,postmodern,ruby7,poulejapon,programming4,prawnsalad,javascript6,prezjordan,learnprogramming4,prickneck,Python3,prider,programming4,primaryobjects,programming5,progfu,javascript4,protein_bricks_4_all,cpp4,psayre23,javascript3,purpleladydragons,learnprogramming3,Puzzel,Python4,pythonauts,programming10,PythonCentral,Python7,QbProg,cpp4,qcom,javascript3,qkdhfjdjdhd,programming3,quizzer106,learnprogramming3,r00k,programming5,r1chardj0n3s,Python3,R1cket,javascript4,raganwald,ruby3,railsware,ruby29,raiph,perl3,RalphMacchio,perl3,ramblerman,Python4,RandomPerson99,PHP8,randx,ruby7,rblackwe,perl10,rchaudhary,programming4,rd4,programming5,realstevejobs,javascript3,reamsworks,Python3,rebelrebel2013,java3,redd1t4l1fe,java6,Reddish_Radish,PHP9,redditthinks,programming3,releu,javascript4,remotesynth,webdev5,renaebair,programming5,reostra,programming4,requiemderseele,Python4,rescind,Python61,retardo,ruby24,rexxar,programming7,rezoner,javascript6,rhiever,Python10,rich97,PHP5,rlemon,programming3,rmartinho,cpp3,rmurphey,javascript5,rntr200,java3,RobertWHurst,javascript9,robgleeson,ruby4,robhawkes,webdev21,rockvilleJD,java17,roger_,programming5,rogue_coder,PHP6,roguelynn,learnprogramming3,rogwilco,PHP24,RohitS5,programming5,rondale_sc,javascript3,ronnienoob,perl5,rsgm123,java32,rya11111,javascript3,RyanScottLewis,ruby4,s3ddd,ruby3,samlev,webdev11,sammy8306,programming9,samuraisam,Python7,sandal,ruby3,saturnflyer,javascript3,sawrubh,programming3,sazzer,java5,schettino72,Python9,schneems,ruby10,scientologist2,programming9,scottjshea,programming3,sebasmagri,Python4,sebf,programming4,secret_town,cpp7,Seele,programming7,servercentric,programming3,settimeout,javascript3,shadow31,programming3,shaggorama,Python4,shawnjan,javascript4,shintoist,programming3,shoghicp,PHP4,shparki,cpp109,sidcool1234,programming7,sigzero,Python3,silentnoise,PHP4,silv3r_m00n,javascript4,simpleuser,programming3,singingfish42,perl4,sircmpwn,programming4,sirisaac87,ruby7,skeeto,Python5,skeww,javascript5,skreak,perl4,skuvnar,webdev6,slivu,PHP3,sloria1,programming3,snatchery,ruby3,snipersteve,java5,SnirD,Python3,snobby_penguin,PHP3,snoopy,programming5,SoBoredAtWork,PHP5,somehacker,ruby5,sontek,Python3,Sora250,learnprogramming6,sovietmudkipz,learnprogramming3,spacez320,perl7,speckz,programming5,spellboots,javascript3,Spideymv,cpp5,spilcm,Python5,SplinterOfChaos,cpp6,SpoobyPls,learnprogramming3,spoonintheroad,java3,squeedlyspooch,programming7,SRGoogleGuy,PHP8,sridhr,Python4,srini237,java18,stanislav-stoyanov,programming4,stapuff6,perl4,steelclash84,PHP4,steloflute,programming24,stesch,programming4,stevieb_,perl5,stonedoubt,javascript3,stoneobscurity,PHP16,strangeloops,programming3,Stretchy_Treats,learnprogramming6,strife25,programming8,Strilanc,programming3,strixvarius,javascript4,sumit_sharma864,java4,sunng,programming7,sunqiang,Python4,sutambe,cpp4,swiftpants,PHP30,swizec,programming7,symisc_devel,programming4,Synes_Godt_Om,PHP3,SyntaxC4,PHP7,systematical,javascript78,szabgab,perl6,sztomi,programming6,ta1901,perl3,taelor,ruby9,Takachsin,learnprogramming6,takadonet,perl14,takluyver,Python4,Tanglesome,java4,taoist_wa,javascript11,tarekziade,Python10,tastur,PHP3,technomalogical,Python13,tenderlove,ruby4,teohm,ruby4,TERRORDAKTYLE,learnprogramming4,test156,Python4,thanpolas,javascript4,the-ace,javascript20,the-fritz,programming3,TheAlphaNerd,learnprogramming5,TheBeastAtTanagra,javascript4,TheCherno,learnprogramming3,TheDon11,cpp7,theedeacon,learnprogramming4,thefireball,learnprogramming3,theFletch,PHP7,theirfReddit,perl6,TheNosferatu,javascript3,thepoprock,csharp3,thesircuddles,learnprogramming4,TheSkyNet,java5,thesp0nge,ruby4,theswader,PHP22,thesystemx,programming4,thevideoclown,learnprogramming3,thibaultj,webdev3,thisisafullsentence,javascript7,tholman,javascript5,threading,Python24,throughactions,programming4,tkMunkman,learnprogramming3,tmcw,javascript6,tmt_game,Python4,tobrien,java10,tomekk,programming4,tommica,webdev32,tompa_coder,programming4,tomt0m,Python7,toomasr,java3,Tordek,javascript4,toruk,cpp8,tosbourn,webdev13,Toxiktoe,perl44,tpk1024,programming4,Trebbok,javascript3,tref,PHP4,TrepidaciousFatGuy,learnprogramming5,triad_entrue,perl10,trpcicm,learnprogramming7,TSF_Aristona,PHP5,tshikatshikaaa,java6,tsjr,perl3,tsuru,javascript3,ttsiodras,programming3,tudorconstantin,programming5,TurnToDust,learnprogramming5,tvon,Python5,twolfson,javascript4,txustice,ruby3,tylersavery,javascript7,tzr,programming6,ubershmekel,programming6,udelblue,javascript5,ugoagogo,javascript3,unconscionable,javascript6,unquietwiki,programming4,user24,javascript3,utcursch,programming6,uvtc,Python3,uzimonkey,ruby4,variedthoughts,Python4,Ventajou,javascript3,verdagon,javascript3,victorlin,Python3,victorpopescu,javascript4,VilleHopfield,programming8,vinipsmaker,cpp3,visualq,PHP8,vitezg,ruby4,VitoBotta,ruby11,vladocar,javascript7,vsajip,Python6,vt97john,java3,waawal,programming3,wadall,learnprogramming8,wbond,PHP3,welluhthisisawkward,webdev3,weppos,ruby3,wesbos,programming18,whitefangs,programming3,whoami4546,java5,whysayso,PHP13,wichtounet,java11,widyakumara,learnprogramming7,wifelette,ruby5,wildbunny,programming29,willvarfar,programming3,windupharlequin,programming4,wiresnips,javascript5,wis3_guy,ruby3,withremote,PHP3,Wizuhd,javascript5,Wolfspaw,programming4,woof404,programming15,wordsmithie,Python6,wwwtyro,Python3,x-skeww,javascript3,x3nu,perl4,x75tiger75x,learnprogramming4,xangelo,PHP4,Xdes,programming3,Xenopax,programming9,Xeoncross,PHP3,xewot,PHP7,xgamerx,ruby36,xivSolutions,programming3,xXSquishyXx,java3,xyzzy_b,PHP6,yannisrizos,programming4,yappie2,PHP3,yaprog,Python3,yaserbuntu,programming4,yashke,programming11,yogthos,programming6,yole,Python11,yorickpeterse,ruby3,youngsteveo,javascript3,youremyjuliet,ruby9,ysangkok,programming3,yudlejoza,Python3,Yurishimo,javascript4,zabzonk,programming3,Zacharias3690,learnprogramming8,zaemis,PHP3,zarmin,PHP20,zcom8,javascript5,zem,programming6,zenspider,ruby4,ZestyOne,ruby6,ZMeson,cpp3,zzing,javascript4,zzyzzyxx,learnprogramming8,zzzwwwdev,javascript3,#NAME?,PHP