count(author),author
543,gst
367,None
181,mr_chromatic
177,javinpaul
176,mithaldu
148,henk53
109,sidcool1234
107,mttd
101,gthank
78,based2
78,szabgab
71,mariuz
70,magenta_placenta
68,Andrey_Karpov_N
62,chorny
61,retardo
53,berium
49,ger_phpmagazin
44,tpk1024
42,lingua_franca
42,jalbertbowden
40,milliams
38,grauenwolf
38,petdance
36,xivSolutions
36,homoiconic
34,cmeerw
32,chrisarchitect
32,cosmotriton
32,tompa_coder
32,rya11111
31,Masfo
30,swizec
29,willvarfar
29,meetingcpp
29,raiph
28,just_lest
27,KerrickLong
27,emegeve
26,AlSweigart
25,ivom2gi
24,placidified
24,jackhammer2022
24,9jack9
24,stesch
24,RohitS5
24,throughactions
24,ircmaxell
24,rexxar
23,kimmel_
22,thesystemx
22,FooBarWidget
22,davemo
22,jtreminio
22,brunov
21,rockvilleJD
20,nohtyp
20,zcom8
20,the-fritz
19,Perceptes
18,mebrahim
18,hm2k
18,hongminhee
18,kraih
18,stanislav-stoyanov
18,whitefangs
18,callumacrae
17,pkrumins
17,perler2
17,alex-mayorga
17,bebraw
17,cruise02
17,OvidPerl
17,legacye
17,roger_
16,polaretto
16,fijal
16,strangeloops
16,dgryski
16,expertvoice
16,BioGeek
15,IbeeX
15,JRepin
15,kingkilr
15,wordsmithie
15,judofyr
15,jezeq
15,philsturgeon
14,gtani
14,HornedKavu
14,takluyver
14,jimdoescode
14,phaggocytosis
14,nikic
14,mikaelhg
14,hyperforce
14,devongovett
14,claird
14,binarydreams
13,monk_e_boy
13,paran0ide
13,wichtounet
13,tenderlove
13,Toxiktoe
12,driscollis
12,cetamega
12,frozenfire
12,earthboundkid
12,JustGlowing
12,mhronline
12,oseifrimpong
11,halst
11,bondolo
11,coderhs
11,antjanus
11,monumentshorts
11,yorickpeterse
11,alexkorban
11,widyakumara
11,vladocar
11,kulandai
11,cwgem
11,cldwalker
11,eneveu
11,yogthos
11,eric_niebler
11,sammy8306
11,llimllib
11,tarekziade
11,adam-_-
11,perlgeek
10,Arador
10,trpcicm
10,scientologist2
10,tastur
10,albinofrenchy
10,digdan
10,PythonCentral
10,last_useful_man
10,fthrkl
10,fekberg
10,rich97
10,rchaudhary
10,nonrecursive
10,agentdero
10,nothingtolookat
10,jrochkind
10,larsga
10,tomekk
9,schneems
9,funny_falcon
9,emboss_
9,samuraisam
9,elasto
9,mdipierro
9,gbacon
9,bpedro
9,robgleeson
9,Takachsin
9,scottjshea
9,redditthinks
9,larholm
9,elijahmanor
9,miyagawa
9,Eventh
9,Xeoncross
9,pjmlp
9,acangiano
9,daedius
9,ffxpwns
9,poincare101
9,ysangkok
9,drbrain
8,sridhr
8,jesusangelm
8,jpswade
8,jrpercussion
8,hiii
8,marcfasel
8,vitezg
8,3po
8,avdi
8,randx
8,drgomesp
8,Strilanc
8,jeremymorgan
8,GeekDNA
8,noelrap
8,wbond
8,berlinbrown
8,bkanber
8,matt_aimonetti
8,ContraContra
8,mburst
8,zzzwwwdev
8,joelthelion
8,doeswayneexist
8,vinipsmaker
8,neomatrix369
8,NotEltonJohn
8,zaemis
8,hwilming
8,draxil
8,tosbourn
8,btford
8,daschl
8,donv
8,gutworth
8,joshuacc
8,IsaGoksu
8,bstamour
8,Kriem
7,systematical
7,tholman
7,myusuf3
7,joeyhoer
7,burke
7,enkicoder
7,dhotson
7,mpdavis
7,wifelette
7,mcdonc
7,speckz
7,agumonkey
7,Liger86
7,servercentric
7,theirfReddit
7,jbandela
7,kracekumar
7,iammerrick
7,dracony
7,toomasr
7,jbroadway
7,martinig
7,QbProg
7,poulejapon
7,vsajip
7,rezoner
7,sigzero
7,jstorimer
7,Arve
7,coffeesounds
7,rblackwe
7,CarlH
7,Seele
7,jnoller
7,ldiego08
7,nullnullnull
7,sandal
7,sunqiang
7,mshiltonj
7,aaron_osteraas
7,obviousoctopus
7,SRGoogleGuy
7,alexeyr
7,lanzkron
7,init0
7,jmduke
7,theedeacon
7,nadavso
7,symisc_devel
7,TSF_Aristona
7,greenrd
7,skeeto
7,naasking
7,davertua
7,tzr
7,hacker-programmer
7,xgamerx
7,Colonel-Rosa
7,mcandre
7,machine_not_a_human
7,nabokovian
7,kbedell
7,bigpresh
7,paoj
7,OuterShpongolia
7,f0ad
6,jabbalaci
6,jscoder
6,MY_POOP_HAS_HAIR
6,pfultz2
6,roguelynn
6,yole
6,airportyh
6,ta1901
6,cpiot
6,jetienne
6,detroitmatt
6,takadonet
6,kmike84
6,aclark
6,piglet24
6,TheNosferatu
6,josefonseca
6,abc-xyz
6,harikt
6,charliesome
6,helpprogram2
6,joaquintides
6,alecco
6,udelblue
6,andralex
6,fabiankessler
6,AlexeyBrin
6,chankeypathak
6,ubershmekel
6,wwwtyro
6,davebrk
6,slivu
6,bustyLaserCannon
6,posabsolute
6,uvtc
6,codecall
6,ZMeson
6,prezjordan
6,mycall
6,kapilkaisare
6,bwigfield
6,dunnowins
6,mbrubeck
6,kr90df
6,danneu
6,javatv
6,blambeau
6,sztomi
6,AaronLasseigne
6,makaroni4
6,gasche
6,unquietwiki
6,greut
6,jedberg
6,tsjr
6,vt97john
6,SpoobyPls
6,pjdelport
6,Disgruntled__Goat
6,Not-original
6,gkunene
6,tmt_game
6,huitseeker
6,matematikaadit
6,yannisrizos
6,int3_
6,JonKalb
6,Reddish_Radish
6,jeremyckahn
6,duggieawesome
6,perone
6,strife25
6,rhiever
6,nexe
6,Ameridrone
6,philipobenito
6,hazems
6,zenspider
6,NERDcurious
6,boogiesbc
6,lastkarrde
6,mexitek
6,sovietmudkipz
6,ferrisoxide
5,drurly
5,mpeters
5,skeww
5,axilmar
5,blebo
5,fruiapps
5,philiph
5,ExoticMandibles
5,schettino72
5,IrishLadd
5,neondei
5,greyblake
5,munificent
5,kthakore
5,chrisledet
5,reostra
5,leonard_snart
5,lrichardson
5,wildbunny
5,gnuvince
5,adamzx3
5,mobby1982
5,hsfrey
5,rlemon
5,criskiev
5,berekuk
5,actualeyes
5,Paradox
5,jakubgarfield
5,PedroMCunha
5,leftoverbagels
5,Wolfspaw
5,Pawka
5,dangries
5,mnapoli
5,banister
5,loktar00
5,paul88m
5,confused_by_php
5,davorg
5,a_redditor
5,renaebair
5,thesp0nge
5,darkrai9292
5,postmodern
5,gonzalo123
5,colwilson
5,olbrich
5,baileylo
5,spilcm
5,dahlma
5,obfuscate
5,jrobertfox
5,wis3_guy
5,andreggy
5,i_ate_god
5,mite-mitreski
5,canweriotnow
5,jakesgordon
5,aesulapiuuss
5,dinov
5,twolfson
5,kristopolous
5,bdemeer
5,TheBeastAtTanagra
5,rsgm123
5,lonebeta
5,r1chardj0n3s
5,tshikatshikaaa
5,tvon
5,SplinterOfChaos
5,ixAp0c
5,omginternets
5,LawnGnome
5,rondale_sc
5,inchworm
5,rogue_coder
5,craigc123
5,murphee_
5,hdskjahdkjsa
5,sontek
5,Buckwheat469
5,threading
5,realstevejobs
5,o0h
5,jakiestfu
5,stonedoubt
5,bcardarella
5,average_drifter
5,cheeeeeese
5,linucs
5,mrhodesit
5,SnirD
5,nrogers64
5,rntr200
5,ugoagogo
5,JW989
5,igorw
5,TurnToDust
5,spellboots
5,knwang
5,skreak
5,SoBoredAtWork
5,lukaseder
5,JustJewIt73
5,nerdmeister
5,lornajane
5,gurgeous
5,ozanonline
5,ayman_f
5,novasharp
5,Capri-Sonne
5,Kettyr
5,jbsurv
5,nlake44
5,hdeshev
5,brianatlarge
5,maloney7
5,whysayso
5,LeszekSwirski
5,coleifer
5,progfu
5,Benvie
5,zem
5,free_books_share
5,jpignata
5,triad_entrue
5,somehacker
5,Drkpwn
5,budzoreu
5,geon
5,CapnGoat
4,Epicus2011
4,rescind
4,keytarmageddon
4,Categoria
4,damg
4,swiftpants
4,davidshepherd
4,colonpee
4,JuiceJitero
4,ciembor
4,RandomPerson99
4,cassandravoiton
4,ihid
4,chrixian
4,harbud3
4,sumit_sharma864
4,metl_lord
4,lacosaes0
4,ozzyboy
4,taoist_wa
4,robhawkes
4,prawnsalad
4,morphotomy
4,Ventajou
4,qcom
4,okpmem
4,Art_of_Creation
4,haakon
4,JoeCool888
4,theswader
4,the-ace
4,jlearner
4,honestbleeps
4,abyx
4,eegreg
4,Digitus_Impudicus
4,gimms
4,shparki
4,tommica
4,woof404
4,filipekberg
4,zabzonk
4,toruk
4,crseat
4,laerien
4,AlyoshaV
4,mikehaggard
4,krainboltgreene
4,tomt0m
4,yashke
4,gazay
4,VilleHopfield
4,mitsuhiko
4,sircmpwn
4,ManicQin
4,wiresnips
4,rd4
4,mexicanseafood
4,phpworm
4,shintoist
4,meltingice
4,lookingforsome1
4,Gefrierbrand
4,_SynthesizerPatel_
4,markov_twain
4,benzilla04
4,kuszi
4,phatbyte
4,VitoBotta
4,ComputerHelper
4,jknupp
4,chewxy
4,s3ddd
4,bchia
4,raganwald
4,hxcobd
4,psayre23
4,felixchi81
4,damian2000
4,number5
4,mohawkjohn
4,secret_town
4,akira_fmx
4,brrose
4,sirisaac87
4,KevinHarris27
4,megaperlz
4,brucedawson
4,cwmma
4,exhuma
4,blowmage
4,TrepidaciousFatGuy
4,MeoMix
4,mcantelon
4,itscoding
4,kinow
4,bigwax
4,stapuff6
4,JL235
4,remotesynth
4,peck3277
4,BonzoESC
4,craig081785
4,ky3
4,steelclash84
4,enroxorz
4,ArashPartow
4,odyssey14
4,NeOnD
4,thanpolas
4,denis
4,ZestyOne
4,stevieb_
4,thefireball
4,tobrien
4,kdmkdmkdm
4,sebf
4,estherschindler
4,lanasa
4,danielnh
4,koolkalang
4,mepcotterell
4,great-pumpkin
4,clownballs
4,paradoxxx_zero
4,jestinjoy
4,dan-pazam
4,skuvnar
4,Okaram
4,ConorMaximus
4,cycles
4,requiemderseele
4,Synes_Godt_Om
4,dev_bacon
4,eiB4vaeg
4,bishopZ
4,angelbob
4,jvmhost
4,Xdes
4,hellomika
4,thevideoclown
4,sunng
4,pythonauts
4,tkMunkman
4,armerthor
4,kcunning
4,GoldFire33
4,autarch
4,clarle
4,TheCherno
4,test156
4,mosqua
4,JavaCzyHerbata
4,picandocodigo
4,casualbon
4,petercooper
4,mm23
4,abw
4,zzyzzyxx
4,bjzaba
4,x75tiger75x
4,jvc_coder
4,chtulhuf
4,Alascar
4,TERRORDAKTYLE
4,primaryobjects
4,srini237
4,protein_bricks_4_all
4,sutambe
4,lucidguppy
4,variedthoughts
4,TheSkyNet
4,bascule
4,yappie2
4,matthewhughes
4,silv3r_m00n
4,steloflute
4,gregolsen
4,J-_-L
4,simpleuser
4,neutronbob
4,freyrs3
4,neon_overload
4,adatta02
4,davidk01
4,alecdo
4,Guiswa
4,FlySwat
4,lemonpole
4,omg-a-bear
4,gwvent
4,madjar
4,johnnybigoode
4,flexterra
4,pinpinbo
4,gangesmaster
4,midir
4,user24
4,namanyayg
4,GovindReddy
4,Foamypop
4,shawnjan
4,davidreiss666
4,xangelo
4,JackS08
4,monkeymeat
4,netghost
4,enotionz
4,durdn
4,Tanglesome
4,lethalman
4,DBBX
4,MadRabbit
4,budalicious
4,aaronp
4,OffInBed
4,neutraltone
4,dinosaur_porkchop
4,adamzwakk
4,prickneck
4,teohm
4,txustice
4,CanadianCoder
4,Trebbok
3,Dark_Souls
3,juuser
3,33a
3,Denommus
3,locrizak
3,phpgeek
3,jamesgolick
3,sofuj
3,MMDeveloper
3,misuo
3,NotJustClarkKent
3,msvrtan
3,micahshell
3,tylersavery
3,pedrobelo
3,Drag0nsl4y3r14
3,jhartwell
3,weppos
3,hashbangperl
3,avh4
3,singingfish42
3,mkaz
3,pjagielski
3,n0m4d1k
3,chrishutchinson
3,Ramone1234
3,arunagarwal
3,withremote
3,taw
3,spoonintheroad
3,-Mahn
3,rowdyrabouw
3,ellen_james
3,jblpz
3,lindymad
3,ramblerman
3,whoami4546
3,Wizuhd
3,chromeo
3,sebasmagri
3,strixvarius
3,colloquial_metaphor
3,Dested
3,infoaddicted
3,oneforreddit
3,HattoriHanzo
3,jsnk
3,ch0wn
3,McGlockenshire
3,LockeWatts
3,silentnoise
3,ggeoff
3,rogwilco
3,hwf829
3,snatchery
3,thepoprock
3,sebabenz
3,doterobcn
3,qkdhfjdjdhd
3,reamsworks
3,thephilster
3,sawrubh
3,cyberdouche
3,yaprog
3,glenfe
3,wycks
3,phaedrusalt
3,aknosis
3,georgediaz
3,xewot
3,gshutler
3,diaboloney
3,jblotus
3,SyntaxC4
3,zarmin
3,isurfbecause
3,gabbriel
3,maniator
3,raben_
3,baijum
3,chtef
3,nicoulaj
3,bnikolictech
3,zmeefy
3,Nerockjr
3,kyle7273
3,Andhurati
3,trg404
3,technomalogical
3,dean_c
3,purpleladydragons
3,for_nsfw
3,joshuadavey
3,stantona
3,gregorymichael
3,Adys
3,dnavarro2
3,porter707
3,yudlejoza
3,funtanero
3,delroth
3,RobertWHurst
3,kevjames3
3,ronnienoob
3,RalphMacchio
3,gnusosa
3,unconscionable
3,amoore
3,zzing
3,lihaoyi
3,i_play_xbox
3,alecbenzer
3,andrewsmedina
3,railsware
3,enkarta
3,camilleroux
3,Zacharias3690
3,ktr73
3,Puzzel
3,__juju__
3,faassen
3,reybango
3,BK_Whatever
3,Poromenos
3,freedoodle
3,Midasx
3,sazzer
3,henrik_w
3,hexapode
3,jsn
3,andrix
3,kevando
3,Mobilpadde
3,ctaborda
3,Tordek
3,welluhthisisawkward
3,desmoulinmichel
3,markolson
3,saundby
3,giridhaar
3,shadow31
3,cmsimike
3,ChiperSoft
3,asuth
3,cygnus83
3,honey_pie
3,TheAlphaNerd
3,snoopy
3,WiglyWorm
3,leonardoty
3,sloria1
3,iam_root
3,_trevor_
3,ChrisF79
3,matael
3,Croaky
3,Stretchy_Treats
3,Mercushio
3,gfixler
3,kamui
3,mstrat
3,Chr0me
3,matthew_boyd
3,jga23
3,ezkaton999
3,dysoco
3,foxbarrington
3,txprog
3,revscat
3,5dagCVO
3,RyanScottLewis
3,tref
3,j4ck4ll
3,Troebr
3,technologyjournalist
3,joezimjsblog
3,jh1997sa
3,r00k
3,egreenberg
3,cyraxjoe
3,sammybdj
3,iamjack
3,mattbig
3,mschenk
3,herrtim
3,freakingthefuckout12
3,thisisafullsentence
3,gregthegeek1
3,cr4d
3,SnaKeZ83
3,bibbleskit
3,insin
3,cryzed-
3,uriel
3,tuna_safe_dolphin
3,Voley
3,juror-number-8
3,SpyingSpy
3,saturnflyer
3,MatrixFrog
3,lolhii
3,stoneobscurity
3,dougrathbone
3,combataircraft
3,darkray16
3,Enginoob
3,LyndonArmitage
3,DrJulianBashir
3,alexprengere
3,cesutherland
3,settimeout
3,jcasimir
3,illbzo1
3,electronics-engineer
3,kristovaher
3,cantprogram
3,Sora250
3,boronine
3,samofny
3,iatpeio
3,elonf
3,spacez320
3,rogue780
3,Mutant321
3,noobplusplus
3,Spideymv
3,rspeer
3,kscottz
3,arnold_palmur
3,delivi
3,davidddavidson
3,darkofabijan
3,rebelrebel2013
3,Sirupsen
3,zyzzogeton
3,dzamir
3,ivan-cukic
3,vital101
3,jakethesnake_
3,johnpolacek
3,Hobby_Collector
3,EquipLordBritish
3,SergeyVlasov
3,jeanlucpikachu
3,dwolf555
3,somaniab
3,dons
3,jprichardson
3,xXSquishyXx
3,Teifion
3,badmouf
3,rush905
3,majeric
3,cashmonkey85
3,tsuru
3,demonshalo
3,conman1988
3,ccrraapp
3,kisielk
3,_lowell
3,dbbo
3,clarutte
3,thesircuddles
3,feartrich
3,billofalltrades
3,kolkir
3,Pornhub_dev
3,DreadPirateJay
3,norwegianwood
3,patcito
3,verdagon
3,BrewerHimself
3,MillardFillmore
3,theFletch
3,Paddy3118
3,squeedlyspooch
3,x-skeww
3,mitchbutter1210
3,robinw
3,cacarotov
3,Ringio
3,hoonose
